Date,Open,High,Low,Close,Volume,Adj Close
2012-09-12,89.69,90.15,89.41,89.64,1350000,89.64
2012-09-11,88.99,89.86,88.81,89.30,1896900,89.30
2012-09-10,89.09,89.41,88.53,89.05,1482100,89.05
2012-09-07,89.22,89.78,88.64,88.95,1377200,88.95
2012-09-06,86.40,89.00,86.40,88.98,2664700,88.98
2012-09-05,86.22,86.51,85.73,85.90,1319000,85.90
2012-09-04,86.21,86.75,85.56,86.38,1526500,86.38
2012-08-31,86.01,86.50,85.43,86.13,1650000,86.13
2012-08-30,84.63,85.98,84.59,85.70,1461400,85.70
2012-08-29,85.05,85.93,84.55,85.13,1619600,85.13
2012-08-28,85.12,85.12,84.50,84.56,1814200,84.56
2012-08-27,85.43,85.57,84.64,85.41,1320100,85.41
2012-08-24,84.48,85.86,84.42,85.25,1857700,85.25
2012-08-23,85.44,85.50,84.43,84.84,1444200,84.84
2012-08-22,86.26,86.83,85.05,85.43,2433700,85.43
2012-08-21,86.00,87.28,85.87,86.57,2132500,86.57
2012-08-20,86.66,86.66,85.34,85.65,1764700,85.60
2012-08-17,87.27,87.62,86.42,86.61,1365500,86.56
2012-08-16,86.11,86.83,85.61,86.49,1405500,86.44
2012-08-15,86.35,86.78,85.81,86.35,1260500,86.30
2012-08-14,85.70,86.38,85.52,86.37,1407300,86.32
2012-08-13,85.34,85.92,85.10,85.59,1045300,85.54
2012-08-10,85.25,86.03,85.03,85.61,1335100,85.56
2012-08-09,85.28,86.06,84.98,85.49,1119500,85.44
2012-08-08,85.23,86.26,84.99,85.57,1746800,85.52
2012-08-07,85.51,85.88,85.02,85.23,1907700,85.18
2012-08-06,85.45,85.75,84.97,85.41,1625200,85.36
2012-08-03,85.98,86.77,85.14,85.45,2984200,85.40
2012-08-02,84.69,86.57,83.88,84.89,2691200,84.84
2012-08-01,84.85,91.94,82.81,85.62,9048100,85.57
2012-07-31,85.15,85.57,81.28,82.07,6722600,82.02
2012-07-30,86.04,86.33,85.20,85.30,2323200,85.25
2012-07-27,85.34,87.20,85.34,86.25,2063300,86.20
2012-07-26,84.72,85.60,84.47,85.13,2057900,85.08
2012-07-25,84.26,84.42,83.09,83.44,2240600,83.39
2012-07-24,84.85,84.91,83.60,83.87,2564100,83.82
2012-07-23,84.31,85.11,83.62,84.78,2389100,84.73
2012-07-20,86.72,86.86,85.06,85.15,3010600,85.10
2012-07-19,87.59,87.70,86.20,87.46,5288500,87.41
2012-07-18,89.55,89.79,86.36,87.52,4446700,87.47
2012-07-17,89.95,90.34,89.13,89.95,1036800,89.90
2012-07-16,90.39,90.68,89.51,89.59,1040500,89.54
2012-07-13,89.23,91.01,88.91,90.75,1361300,90.70
2012-07-12,89.55,89.70,88.05,89.40,1988500,89.35
2012-07-11,90.42,90.80,89.34,89.43,2502900,89.38
2012-07-10,92.69,92.80,90.32,90.60,1474400,90.55
2012-07-09,93.56,93.78,91.22,91.81,2223500,91.76
2012-07-06,93.85,94.32,93.34,93.70,771300,93.65
2012-07-05,95.25,95.45,94.61,94.64,1158200,94.58
2012-07-03,94.98,95.75,94.37,95.65,835000,95.59
2012-07-02,92.53,94.94,92.42,94.77,1944500,94.71
2012-06-29,91.00,92.57,91.00,92.57,1716400,92.52
2012-06-28,90.73,90.74,88.88,90.03,1980600,89.98
2012-06-27,90.86,91.75,90.35,91.11,1324100,91.06
2012-06-26,89.99,90.54,89.83,90.02,1440400,89.97
2012-06-25,90.97,91.28,89.85,89.86,1434200,89.81
2012-06-22,91.46,91.79,90.97,91.59,1705200,91.54
2012-06-21,92.91,93.19,91.04,91.24,1088300,91.19
2012-06-20,93.40,93.68,91.88,92.46,1417700,92.41
2012-06-19,93.62,94.00,93.30,93.49,1117700,93.44
2012-06-18,92.58,93.16,92.29,93.12,1224100,93.07
2012-06-15,92.27,93.00,92.02,92.45,2535900,92.40
2012-06-14,91.07,92.23,91.07,91.64,1809900,91.59
2012-06-13,91.32,91.97,90.51,90.85,1265700,90.80
2012-06-12,90.27,91.42,90.00,91.37,1115000,91.32
2012-06-11,92.08,92.31,91.04,91.11,1394100,91.06
2012-06-08,90.52,91.48,90.07,91.48,1338900,91.43
2012-06-07,91.52,91.90,90.59,90.74,1286800,90.69
2012-06-06,90.32,91.26,89.97,91.06,2031300,91.01
2012-06-05,88.33,90.06,88.00,89.87,1582800,89.82
2012-06-04,88.31,89.18,87.69,88.58,1468500,88.53
2012-06-01,89.15,89.70,88.02,88.09,1383500,88.04
2012-05-31,90.80,90.80,89.62,90.25,1886900,90.20
2012-05-30,90.41,90.93,89.98,90.81,1332000,90.76
2012-05-29,90.87,91.44,90.31,90.77,1044700,90.72
2012-05-25,90.81,90.99,90.13,90.53,1147400,90.48
2012-05-24,89.43,90.49,89.18,90.49,1424900,90.44
2012-05-23,89.56,89.63,88.15,89.02,1180400,88.97
2012-05-22,89.81,90.63,89.54,89.90,1363600,89.85
2012-05-21,89.37,90.00,88.86,89.80,1192200,89.70
2012-05-18,89.47,89.69,88.46,88.78,2085700,88.68
2012-05-17,91.72,91.72,88.87,88.88,2200700,88.78
2012-05-16,91.66,92.50,91.23,91.32,2046200,91.22
2012-05-15,91.14,91.91,90.86,91.25,1226400,91.15
2012-05-14,92.21,92.68,91.40,91.60,1189400,91.50
2012-05-11,92.00,93.54,92.00,92.97,1196600,92.86
2012-05-10,93.09,93.80,92.55,92.83,1252800,92.72
2012-05-09,92.72,93.42,92.10,92.63,1423300,92.52
2012-05-08,93.11,93.54,92.18,93.35,1452600,93.24
2012-05-07,92.59,94.47,92.59,93.74,1602000,93.63
2012-05-04,93.31,93.76,92.63,92.90,1863600,92.79
2012-05-03,93.04,94.06,92.63,93.53,2607500,93.42
2012-05-02,93.99,93.99,90.66,92.50,6381300,92.39
2012-05-01,95.91,96.69,95.27,96.39,1615700,96.28
2012-04-30,96.59,96.67,95.76,96.00,1135500,95.89
2012-04-27,96.75,97.09,96.40,96.59,1030900,96.48
2012-04-26,95.13,96.57,94.93,96.38,1254500,96.27
2012-04-25,95.55,95.55,94.52,95.15,1307300,95.04
2012-04-24,93.96,94.29,93.59,94.18,1184200,94.07
2012-04-23,95.01,95.14,93.28,93.80,1424500,93.69
2012-04-20,95.49,95.94,94.91,95.58,1349500,95.47
2012-04-19,95.20,95.49,94.48,95.20,1246900,95.09
2012-04-18,94.32,95.11,94.32,94.94,1111100,94.83
2012-04-17,94.51,95.04,94.25,94.79,1597900,94.68
2012-04-16,94.87,95.00,93.52,94.08,1348300,93.97
2012-04-13,94.01,95.06,93.62,94.65,2262600,94.54
2012-04-12,93.27,93.54,92.93,93.19,1445200,93.08
2012-04-11,93.51,93.65,93.03,93.31,1108700,93.20
2012-04-10,93.80,93.91,92.39,92.48,1574100,92.37
2012-04-09,93.57,94.32,93.57,93.94,934600,93.83
2012-04-05,94.89,95.13,94.42,94.99,1249600,94.88
2012-04-04,94.73,95.30,94.59,94.82,843600,94.71
2012-04-03,95.15,95.49,94.55,95.27,1562100,95.16
2012-04-02,94.26,95.68,93.94,95.17,1823800,95.06
2012-03-30,95.65,96.39,95.27,95.43,1879200,95.32
2012-03-29,93.66,95.12,93.66,94.91,2106300,94.80
2012-03-28,94.35,94.88,93.70,94.05,1935000,93.94
2012-03-27,95.15,95.71,94.18,94.31,2014800,94.20
2012-03-26,94.41,95.00,94.22,94.74,2086700,94.63
2012-03-23,93.46,93.80,92.99,93.61,837600,93.50
2012-03-22,92.84,93.90,92.51,93.56,1256600,93.45
2012-03-21,93.50,94.08,93.14,93.57,815300,93.46
2012-03-20,93.03,93.42,92.72,93.17,1005100,93.06
2012-03-19,93.16,93.43,92.89,93.30,1092100,93.19
2012-03-16,94.14,94.46,92.98,93.00,1945100,92.89
2012-03-15,93.56,94.38,93.37,94.18,1394200,94.07
2012-03-14,93.36,93.69,93.13,93.59,1284400,93.48
2012-03-13,91.84,93.36,91.84,93.36,1485900,93.25
2012-03-12,91.61,93.00,91.48,92.12,1279600,92.01
2012-03-09,92.35,93.11,91.68,91.87,2418100,91.77
2012-03-08,91.23,92.49,90.99,92.33,2718000,92.22
2012-03-07,88.53,91.08,88.30,90.64,2750400,90.54
2012-03-06,89.12,89.61,88.26,88.42,1179000,88.32
2012-03-05,88.95,89.83,88.95,89.55,915200,89.45
2012-03-02,89.64,89.88,89.21,89.24,823300,89.14
2012-03-01,88.19,89.88,88.19,89.74,1409400,89.64
2012-02-29,88.75,89.83,88.67,89.59,2658400,89.49
2012-02-28,87.62,88.94,87.62,88.82,1260200,88.72
2012-02-27,86.98,87.69,86.45,87.38,1123800,87.28
2012-02-24,87.31,87.75,87.10,87.42,927400,87.32
2012-02-23,87.24,87.62,86.91,87.32,1350600,87.22
2012-02-22,86.62,87.48,86.45,87.27,1162800,87.17
2012-02-21,87.86,88.11,86.59,87.07,1473300,86.92
2012-02-17,88.48,88.48,87.70,87.91,1042200,87.76
2012-02-16,87.92,88.44,87.63,88.06,1676500,87.91
2012-02-15,89.02,89.05,87.52,87.80,1142000,87.65
2012-02-14,87.47,88.88,87.33,88.88,1361100,88.73
2012-02-13,87.45,88.26,87.43,87.61,1346400,87.46
2012-02-10,86.96,87.34,86.56,87.05,1386100,86.90
2012-02-09,88.49,88.57,87.08,87.38,1397800,87.23
2012-02-08,87.34,89.39,87.25,88.65,2625700,88.50
2012-02-07,86.25,87.48,85.75,87.25,1509800,87.10
2012-02-06,85.51,86.59,85.51,86.49,1132900,86.34
2012-02-03,85.64,86.47,85.09,86.08,3220900,85.93
2012-02-02,85.96,87.07,84.29,84.84,6185100,84.69
2012-02-01,89.41,89.41,87.19,87.29,2510700,87.14
2012-01-31,88.89,89.10,87.78,87.91,1340800,87.76
2012-01-30,88.04,88.13,87.29,88.06,1385700,87.91
2012-01-27,88.49,89.24,88.35,88.82,904700,88.67
2012-01-26,89.35,90.00,88.64,88.97,1622800,88.82
2012-01-25,88.54,89.58,88.18,89.30,1254100,89.15
2012-01-24,88.74,89.18,88.36,88.49,1445800,88.34
2012-01-23,87.93,89.50,87.93,89.36,2201100,89.21
2012-01-20,87.32,88.21,87.21,87.77,1638000,87.62
2012-01-19,87.26,87.45,86.92,87.16,2128800,87.01
2012-01-18,87.93,88.15,86.76,87.17,1873600,87.02
2012-01-17,89.08,89.50,87.76,87.93,1963600,87.78
2012-01-13,87.82,88.49,87.31,88.16,1307600,88.01
2012-01-12,88.51,89.41,88.07,88.56,1464900,88.41
2012-01-11,88.83,89.37,87.90,88.26,2053300,88.11
2012-01-10,88.96,89.37,88.72,88.97,1780400,88.82
2012-01-09,87.32,88.50,86.97,88.33,1404700,88.18
2012-01-06,87.37,87.38,86.51,87.07,1515700,86.92
2012-01-05,87.72,88.00,86.98,87.07,1580000,86.92
2012-01-04,88.19,88.50,87.77,88.01,1093700,87.86
2012-01-03,88.75,88.81,87.69,88.42,1942600,88.27
2011-12-30,87.99,88.40,87.73,87.74,1074200,87.59
2011-12-29,87.03,88.20,86.87,88.13,1199300,87.98
2011-12-28,87.83,87.88,86.49,86.80,832000,86.65
2011-12-27,87.33,88.30,87.14,87.89,699800,87.74
2011-12-23,87.58,87.58,86.56,87.42,990300,87.27
2011-12-22,87.11,87.13,85.79,86.68,1296700,86.53
2011-12-21,86.83,87.12,85.74,86.96,1751800,86.81
2011-12-20,85.56,87.11,85.55,86.91,2162900,86.76
2011-12-19,84.16,85.45,84.08,84.68,1670000,84.53
2011-12-16,84.02,84.48,83.33,83.66,2060100,83.52
2011-12-15,83.38,84.00,83.05,83.66,1446900,83.52
2011-12-14,81.80,82.90,81.80,82.47,1378600,82.33
2011-12-13,82.60,83.41,81.64,82.10,1602300,81.96
2011-12-12,82.84,83.13,81.82,82.27,1263400,82.13
2011-12-09,82.10,83.99,81.89,83.49,1249800,83.35
2011-12-08,83.71,83.80,81.80,81.95,1487700,81.81
2011-12-07,83.88,84.61,82.65,84.13,1270100,83.99
2011-12-06,84.05,84.76,83.36,84.17,1394700,84.03
2011-12-05,84.83,85.00,83.22,83.72,1762800,83.58
2011-12-02,84.78,84.88,83.48,83.57,1490000,83.43
2011-12-01,83.98,84.74,83.37,84.18,1405600,84.04
2011-11-30,83.64,84.27,83.29,83.72,2144100,83.58
2011-11-29,81.26,82.20,81.01,81.38,1361600,81.24
2011-11-28,80.36,81.58,80.27,81.08,1417000,80.94
2011-11-25,78.60,79.16,78.42,78.68,474600,78.55
2011-11-23,79.26,79.55,78.52,78.84,1775500,78.70
2011-11-22,81.24,81.30,79.62,79.69,3248800,79.55
2011-11-21,81.10,81.69,80.21,81.16,1725300,81.02
2011-11-18,82.26,82.93,81.81,82.40,1492000,82.26
2011-11-17,82.65,82.84,80.83,81.87,1428700,81.73
2011-11-16,82.90,84.64,82.51,82.99,1326500,82.85
2011-11-15,84.15,84.34,83.15,83.80,1289700,83.66
2011-11-14,84.63,85.05,83.89,84.14,1041900,84.00
2011-11-11,83.78,85.43,83.78,85.02,1269500,84.87
2011-11-10,83.14,83.73,81.95,82.82,1879000,82.68
2011-11-09,83.63,84.14,82.44,82.75,1525800,82.61
2011-11-08,84.57,85.37,83.64,85.31,1430800,85.16
2011-11-07,83.75,84.50,83.19,84.50,1193200,84.31
2011-11-04,84.00,84.38,82.91,83.61,1267800,83.42
2011-11-03,84.21,84.76,83.80,84.50,1452600,84.31
2011-11-02,83.18,83.86,82.54,83.35,2009700,83.16
2011-11-01,81.96,83.31,81.43,81.77,2695400,81.58
2011-10-31,84.20,84.85,83.71,84.12,2055200,83.93
2011-10-28,84.56,85.00,84.16,84.40,2238700,84.21
2011-10-27,85.72,85.85,83.56,84.98,3617700,84.78
2011-10-26,85.21,86.34,82.80,83.74,4931600,83.55
2011-10-25,88.32,88.65,86.80,86.96,1721200,86.76
2011-10-24,88.43,89.25,87.89,89.01,2179200,88.80
2011-10-21,87.71,88.50,87.36,88.38,2920700,88.18
2011-10-20,85.13,86.79,85.13,86.58,1758200,86.38
2011-10-19,85.57,85.66,84.29,84.95,1933900,84.75
2011-10-18,84.00,86.35,83.69,85.64,1715900,85.44
2011-10-17,85.46,85.83,84.00,84.17,1740800,83.98
2011-10-14,85.84,86.36,85.21,86.21,1662300,86.01
2011-10-13,83.71,84.52,83.02,84.30,1185100,84.11
2011-10-12,83.84,84.96,83.21,83.94,1950100,83.75
2011-10-11,82.52,83.88,82.16,83.60,2285200,83.41
2011-10-10,82.65,83.27,82.25,82.97,1153000,82.78
2011-10-07,82.37,82.37,81.19,81.50,1261800,81.31
2011-10-06,80.91,82.15,80.20,82.12,1608400,81.93
2011-10-05,80.14,81.20,79.78,81.05,3131200,80.86
2011-10-04,78.67,80.32,77.71,80.08,4000000,79.90
2011-10-03,81.79,82.55,79.36,79.63,3191800,79.45
2011-09-30,83.80,84.81,82.35,82.38,3048100,82.19
2011-09-29,85.28,85.92,83.65,85.03,2403400,84.83
2011-09-28,84.41,85.49,83.89,84.10,2193100,83.91
2011-09-27,84.73,85.57,84.16,84.55,1955000,84.36
2011-09-26,82.98,83.25,81.07,83.11,1950100,82.92
2011-09-23,80.56,82.84,80.40,82.12,1894500,81.93
2011-09-22,79.48,81.30,79.04,80.83,3535600,80.64
2011-09-21,83.55,84.13,81.37,81.45,2082800,81.26
2011-09-20,83.11,85.49,82.61,83.40,2027900,83.21
2011-09-19,82.14,83.24,81.87,82.93,1608000,82.74
2011-09-16,82.91,83.23,82.00,83.20,2707000,83.01
2011-09-15,81.73,82.35,80.72,82.35,1986600,82.16
2011-09-14,79.94,81.67,79.01,80.71,2273700,80.52
2011-09-13,78.53,79.68,78.25,79.31,2099400,79.13
2011-09-12,77.47,78.19,76.36,78.18,2284900,78.00
2011-09-09,80.45,80.45,77.91,78.57,2279100,78.39
2011-09-08,81.60,82.97,80.79,81.06,2347800,80.87
2011-09-07,80.13,82.47,80.06,82.42,1821600,82.23
2011-09-06,77.11,79.50,76.80,79.02,1657600,78.84
2011-09-02,79.30,80.47,78.94,79.03,1346300,78.85
2011-09-01,81.59,81.94,80.42,80.89,1841900,80.70
2011-08-31,81.54,82.50,81.12,81.81,2153600,81.62
2011-08-30,78.98,81.38,78.61,80.78,2494900,80.59
2011-08-29,78.58,79.62,78.34,79.60,1281500,79.42
2011-08-26,76.31,78.27,74.58,78.11,1468500,77.93
2011-08-25,78.32,78.32,75.88,77.08,2597900,76.90
2011-08-24,75.30,78.23,75.05,77.90,3134900,77.72
2011-08-23,72.95,75.81,72.89,75.62,2069800,75.45
2011-08-22,73.71,74.37,72.28,72.46,1191500,72.29
2011-08-19,72.32,73.79,71.89,72.35,2197900,72.18
2011-08-18,74.31,74.52,72.00,73.19,3610500,73.02
2011-08-17,75.98,77.21,74.93,75.78,1765900,75.61
2011-08-16,75.01,76.71,74.19,75.62,2011700,75.45
2011-08-15,74.80,75.68,73.91,74.75,1769500,74.53
2011-08-12,73.84,74.95,73.56,74.47,1863400,74.25
2011-08-11,70.48,74.37,70.19,73.65,2920100,73.43
2011-08-10,72.91,74.09,70.21,70.36,3830000,70.15
2011-08-09,73.65,74.93,69.40,74.62,4796900,74.40
2011-08-08,75.15,76.37,72.45,72.55,4061100,72.33
2011-08-05,76.76,77.78,74.50,76.98,2976600,76.75
2011-08-04,78.87,78.93,75.57,75.76,3208700,75.53
2011-08-03,77.62,81.02,77.25,79.79,4677100,79.55
2011-08-02,79.26,79.99,77.38,77.38,2773500,77.15
2011-08-01,81.74,81.97,79.09,80.00,1639300,79.76
2011-07-29,81.47,82.10,80.55,81.31,2021400,81.07
2011-07-28,80.99,82.41,80.97,81.75,1318700,81.51
2011-07-27,81.94,82.10,80.61,80.91,1605300,80.67
2011-07-26,82.88,83.02,82.27,82.38,1256300,82.14
2011-07-25,83.69,83.97,83.04,83.16,627500,82.91
2011-07-22,84.55,84.75,83.85,84.36,562300,84.11
2011-07-21,84.20,84.97,83.79,84.52,1004100,84.27
2011-07-20,84.03,84.11,83.13,83.47,641900,83.22
2011-07-19,82.75,84.20,82.75,84.02,798700,83.77
2011-07-18,83.24,83.45,81.77,82.52,794200,82.27
2011-07-15,83.79,83.86,82.49,83.37,1150000,83.12
2011-07-14,83.88,84.34,83.47,83.67,714800,83.42
2011-07-13,83.73,84.77,83.49,83.77,993800,83.52
2011-07-12,83.38,84.35,83.13,83.49,870800,83.24
2011-07-11,83.65,84.25,83.00,83.24,1031800,82.99
2011-07-08,83.88,84.92,83.86,84.85,875300,84.60
2011-07-07,85.40,85.57,84.04,84.48,1500600,84.23
2011-07-06,84.37,85.19,84.14,84.99,1210800,84.74
2011-07-05,84.49,85.07,84.26,84.51,1346200,84.26
2011-07-01,83.45,84.62,83.41,84.57,1038700,84.32
2011-06-30,84.07,84.37,82.95,83.25,1776100,83.00
2011-06-29,83.57,84.21,83.07,84.01,1937300,83.76
2011-06-28,81.54,83.31,80.90,83.21,1976900,82.96
2011-06-27,80.69,81.50,80.35,81.17,1155600,80.93
2011-06-24,81.09,81.48,80.55,80.87,1660700,80.63
2011-06-23,81.03,81.20,79.98,80.98,1822100,80.74
2011-06-22,82.50,82.94,81.44,81.87,2999200,81.63
2011-06-21,82.27,83.03,82.03,82.77,1766300,82.52
2011-06-20,80.59,81.86,80.57,81.80,1128700,81.56
2011-06-17,80.49,81.41,80.38,80.84,2001800,80.60
2011-06-16,79.57,80.08,79.22,79.85,1692500,79.61
2011-06-15,79.96,80.50,78.91,79.59,1774600,79.35
2011-06-14,80.15,80.77,80.01,80.64,2115500,80.40
2011-06-13,79.75,80.33,79.20,79.75,1186300,79.51
2011-06-10,79.88,80.20,79.12,79.14,1117300,78.90
2011-06-09,80.07,80.78,79.66,80.16,1376500,79.92
2011-06-08,80.94,81.06,79.72,79.83,1756700,79.59
2011-06-07,80.14,81.44,79.90,81.04,1515500,80.80
2011-06-06,79.71,80.34,79.35,79.74,1508100,79.50
2011-06-03,80.55,80.55,79.71,79.82,2264300,79.58
2011-06-02,81.36,81.81,80.85,81.43,1343400,81.19
2011-06-01,82.66,83.02,81.41,81.47,1960300,81.23
2011-05-31,83.06,83.27,82.53,82.73,1647800,82.48
2011-05-27,82.02,82.79,81.99,82.62,950200,82.37
2011-05-26,81.88,82.05,81.57,81.79,2259400,81.55
2011-05-25,81.98,82.12,81.14,81.98,1813600,81.74
2011-05-24,83.62,83.62,81.86,82.04,2370600,81.80
2011-05-23,82.51,83.56,82.38,83.48,2904500,83.23
2011-05-20,83.42,83.77,83.08,83.51,2665900,83.26
2011-05-19,84.06,84.35,83.01,83.50,4669100,83.25
2011-05-18,81.73,85.74,81.22,83.95,3889300,83.70
2011-05-17,81.47,81.88,80.92,81.54,1620200,81.25
2011-05-16,80.61,82.21,80.57,81.85,2300500,81.56
2011-05-13,81.04,81.35,80.25,80.70,1652200,80.41
2011-05-12,81.40,81.48,80.70,81.07,2414000,80.78
2011-05-11,81.97,82.23,80.82,81.42,2095300,81.13
2011-05-10,81.40,82.00,81.05,82.00,2077800,81.71
2011-05-09,81.00,81.45,80.52,81.37,2470100,81.08
2011-05-06,80.15,81.34,79.62,81.06,3463100,80.77
2011-05-05,81.03,81.75,80.85,81.54,3179700,81.25
2011-05-04,78.99,81.97,78.47,81.87,3935000,81.58
2011-05-03,80.25,80.32,78.40,78.98,3287500,78.70
2011-05-02,79.78,80.70,79.78,80.35,2608200,80.06
2011-04-29,78.96,79.57,77.99,79.56,2088800,79.27
2011-04-28,79.38,79.59,79.18,79.42,1923800,79.14
2011-04-27,79.51,79.66,78.92,79.36,2111600,79.08
2011-04-26,78.22,79.54,78.22,79.39,2408000,79.11
2011-04-25,77.85,78.58,77.29,78.22,1751100,77.94
2011-04-21,77.78,78.54,77.50,78.10,1787700,77.82
2011-04-20,77.10,77.71,76.80,77.66,2166900,77.38
2011-04-19,76.64,76.64,76.05,76.49,1777000,76.22
2011-04-18,76.40,76.68,76.00,76.43,2388000,76.16
2011-04-15,76.02,77.06,75.74,77.00,2505300,76.72
2011-04-14,74.97,75.86,74.90,75.83,1804400,75.56
2011-04-13,75.03,75.30,74.82,75.23,1491500,74.96
2011-04-12,74.93,75.21,74.59,74.82,1782300,74.55
2011-04-11,74.87,75.49,74.62,75.22,1211700,74.95
2011-04-08,74.86,74.97,74.47,74.77,1523600,74.50
2011-04-07,74.32,74.90,74.29,74.65,2085800,74.38
2011-04-06,73.93,74.79,73.59,74.59,2291700,74.32
2011-04-05,72.61,73.68,72.35,73.47,2107800,73.21
2011-04-04,72.54,72.89,72.37,72.84,1456800,72.58
2011-04-01,71.85,72.56,71.75,72.45,2392400,72.19
2011-03-31,70.85,71.40,70.74,71.02,1828300,70.77
2011-03-30,71.09,71.64,70.95,71.11,1508000,70.86
2011-03-29,69.79,70.64,69.46,70.59,1399100,70.34
2011-03-28,69.86,70.20,69.75,69.85,1174000,69.60
2011-03-25,69.80,70.52,69.49,69.85,1695400,69.60
2011-03-24,68.79,69.97,68.67,69.79,1642400,69.54
2011-03-23,69.06,69.29,68.03,68.61,3681300,68.36
2011-03-22,69.84,70.35,68.97,69.26,3435100,69.01
2011-03-21,70.93,71.12,69.76,69.94,2859500,69.69
2011-03-18,71.07,71.34,69.96,70.25,2673200,70.00
2011-03-17,69.90,70.67,69.56,70.13,2975500,69.88
2011-03-16,69.38,69.74,68.55,68.90,2452600,68.65
2011-03-15,69.66,70.08,68.14,69.57,3998900,69.32
2011-03-14,70.90,71.29,70.71,71.14,2237400,70.89
2011-03-11,71.06,71.70,70.49,71.49,2168900,71.23
2011-03-10,71.17,71.59,70.80,71.28,2191900,71.02
2011-03-09,71.75,72.18,71.28,71.96,1768800,71.70
2011-03-08,72.16,72.24,71.03,72.06,3958300,71.80
2011-03-07,72.43,72.45,71.07,71.85,1635400,71.59
2011-03-04,72.91,73.27,71.63,72.20,1743900,71.94
2011-03-03,71.98,73.22,70.88,73.02,2232200,72.76
2011-03-02,72.53,72.89,70.95,72.02,4477700,71.76
2011-03-01,74.53,74.58,72.76,72.90,1917700,72.64
2011-02-28,74.72,74.85,73.68,74.17,2036600,73.90
2011-02-25,73.02,74.61,73.01,74.51,1298400,74.24
2011-02-24,73.18,73.36,72.32,73.00,1652100,72.74
2011-02-23,73.58,74.00,73.30,73.40,1724900,73.14
2011-02-22,74.20,74.56,72.71,73.81,1927300,73.55
2011-02-18,75.97,76.00,74.82,75.02,2362200,74.75
2011-02-17,74.43,76.00,74.37,75.58,2460200,75.31
2011-02-16,73.64,74.90,73.64,74.77,1915000,74.50
2011-02-15,73.76,73.94,73.34,73.56,1109300,73.25
2011-02-14,73.81,74.23,73.69,74.07,1349800,73.75
2011-02-11,72.42,74.16,72.18,73.91,2120600,73.60
2011-02-10,72.51,73.10,72.44,72.87,1506200,72.56
2011-02-09,71.55,73.00,71.55,72.90,1483600,72.59
2011-02-08,71.59,72.00,71.40,71.78,971900,71.47
2011-02-07,71.52,72.00,71.29,71.54,1068400,71.24
2011-02-04,71.30,71.63,70.57,71.61,1721100,71.30
2011-02-03,71.46,72.27,70.50,71.42,2761400,71.12
2011-02-02,70.18,71.65,70.00,70.79,2968300,70.49
2011-02-01,70.82,71.44,70.60,71.32,1615500,71.02
2011-01-31,68.75,70.63,68.75,70.61,2365000,70.31
2011-01-28,70.07,70.35,68.76,69.08,1803700,68.79
2011-01-27,70.50,71.03,69.99,70.07,1863400,69.77
2011-01-26,72.30,72.76,69.47,70.72,6089700,70.42
2011-01-25,71.52,72.08,71.14,72.08,1381900,71.77
2011-01-24,71.33,71.74,71.17,71.55,1185500,71.25
2011-01-21,71.67,71.97,71.19,71.36,1717600,71.06
2011-01-20,71.22,71.62,70.77,71.56,1592300,71.26
2011-01-19,72.51,72.65,71.42,71.66,2007100,71.35
2011-01-18,71.36,72.70,71.32,72.63,2371900,72.32
2011-01-14,70.60,71.04,70.31,71.04,1367200,70.74
2011-01-13,70.78,71.10,70.62,70.83,1806000,70.53
2011-01-12,70.59,70.95,70.30,70.94,1512700,70.64
2011-01-11,69.39,70.57,69.17,70.14,1850600,69.84
2011-01-10,69.15,69.63,68.33,69.31,1312600,69.01
2011-01-07,70.56,70.68,69.29,69.56,1446800,69.26
2011-01-06,70.22,70.80,70.16,70.55,1252000,70.25
2011-01-05,69.90,70.35,69.40,70.26,1456400,69.96
2011-01-04,69.71,70.55,69.71,70.10,1286600,69.80
2011-01-03,69.39,70.73,69.39,70.34,1933800,70.04
2010-12-31,68.78,69.18,68.52,68.67,1047600,68.38
2010-12-30,69.16,69.38,68.59,68.72,1004600,68.43
2010-12-29,69.06,69.55,68.90,69.31,874200,69.01
2010-12-28,69.56,69.56,68.82,69.01,571000,68.72
2010-12-27,69.08,69.60,68.79,69.46,660900,69.16
2010-12-23,70.33,70.57,69.37,69.43,1179500,69.13
2010-12-22,70.04,70.99,70.02,70.92,1083600,70.62
2010-12-21,70.61,70.61,69.89,69.89,1389800,69.59
2010-12-20,71.00,71.13,69.80,70.46,1118700,70.16
2010-12-17,70.73,71.24,69.93,70.85,1996000,70.55
2010-12-16,70.44,70.90,70.00,70.84,1105400,70.54
2010-12-15,70.45,71.29,70.22,70.24,2098600,69.94
2010-12-14,69.29,70.86,69.29,70.58,2248500,70.28
2010-12-13,69.57,69.92,69.15,69.30,2303200,69.00
2010-12-10,69.01,69.39,68.69,69.27,1866300,68.97
2010-12-09,68.89,69.20,68.56,68.99,2501600,68.70
2010-12-08,68.67,68.81,68.02,68.45,2067500,68.16
2010-12-07,69.35,69.46,68.51,68.53,2397900,68.24
2010-12-06,69.22,69.36,68.50,68.70,2380300,68.41
2010-12-03,67.92,68.92,67.89,68.80,2630700,68.51
2010-12-02,66.65,68.32,66.56,68.28,2299300,67.99
2010-12-01,67.22,67.40,66.33,66.46,2464200,66.18
2010-11-30,66.65,66.94,66.11,66.27,2256900,65.99
2010-11-29,67.42,67.47,66.31,67.28,1804300,66.99
2010-11-26,67.60,68.03,67.27,67.78,632800,67.49
2010-11-24,67.49,68.48,67.49,68.10,2345700,67.81
2010-11-23,67.88,68.22,67.15,67.21,2349200,66.92
2010-11-22,68.52,68.62,67.72,68.24,1460000,67.95
2010-11-19,68.79,69.08,68.19,68.44,2163300,68.15
2010-11-18,68.52,69.10,68.39,68.84,1942400,68.55
2010-11-17,68.46,68.91,67.89,67.93,2490500,67.64
2010-11-16,68.61,69.21,68.24,68.60,3083600,68.31
2010-11-15,68.97,70.02,68.62,69.61,2660700,69.31
2010-11-12,69.07,69.60,68.33,68.61,1885000,68.32
2010-11-11,69.17,69.92,68.78,69.19,2165200,68.90
2010-11-10,69.16,69.91,68.98,69.58,2150900,69.28
2010-11-09,69.46,70.06,68.84,68.98,3619500,68.69
2010-11-08,70.59,70.91,69.48,69.48,3406000,69.18
2010-11-05,73.35,73.59,70.76,70.87,4128500,70.52
2010-11-04,73.41,73.70,72.89,73.54,3210000,73.18
2010-11-03,73.02,73.75,72.00,73.04,5093800,72.68
2010-11-02,74.68,74.94,74.44,74.53,2288100,74.16
2010-11-01,72.64,74.50,72.47,73.85,2786000,73.48
2010-10-29,72.51,72.64,71.53,72.41,3073900,72.05
2010-10-28,72.55,73.00,72.07,72.84,1479600,72.48
2010-10-27,71.50,72.29,71.45,72.17,2068500,71.81
2010-10-26,71.80,72.10,71.37,72.00,1283400,71.64
2010-10-25,72.06,72.06,71.17,71.80,1677100,71.44
2010-10-22,71.81,71.89,71.16,71.83,993700,71.47
2010-10-21,72.37,72.62,71.07,71.67,1705600,71.31
2010-10-20,71.97,72.73,71.65,72.19,1681700,71.83
2010-10-19,71.91,72.05,71.10,71.73,2619700,71.37
2010-10-18,71.97,72.98,71.14,72.61,8449300,72.25
2010-10-15,68.51,69.09,68.17,68.86,1836900,68.52
2010-10-14,68.73,68.94,67.99,68.26,1370500,67.92
2010-10-13,67.88,68.70,67.44,68.51,1861200,68.17
2010-10-12,67.64,68.06,67.06,67.54,2308300,67.20
2010-10-11,67.27,67.96,67.00,67.90,1303000,67.56
2010-10-08,66.94,67.52,66.63,67.32,1714100,66.99
2010-10-07,66.74,66.85,66.26,66.73,938000,66.40
2010-10-06,66.40,66.93,66.17,66.41,1248300,66.08
2010-10-05,65.71,66.74,65.52,66.62,1659800,66.29
2010-10-04,66.03,66.20,64.95,65.16,1344100,64.84
2010-10-01,66.86,66.92,65.65,66.25,1350400,65.92
2010-09-30,67.00,67.53,65.97,66.53,1872600,66.20
2010-09-29,66.65,66.86,66.25,66.71,1395500,66.38
2010-09-28,66.19,66.86,66.15,66.80,1768300,66.47
2010-09-27,66.50,66.63,65.89,66.17,1316200,65.84
2010-09-24,65.66,66.67,65.49,66.36,1227700,66.03
2010-09-23,65.23,65.69,64.82,64.93,1016600,64.61
2010-09-22,65.91,65.96,65.20,65.59,1486200,65.26
2010-09-21,66.31,66.37,65.48,65.97,1699500,65.64
2010-09-20,65.43,66.34,65.21,66.30,1399400,65.97
2010-09-17,64.98,65.50,64.72,65.21,2118700,64.89
2010-09-16,65.96,65.98,64.36,64.67,2733000,64.35
2010-09-15,65.63,66.47,65.44,66.14,1220100,65.81
2010-09-14,65.71,66.16,65.50,65.88,1168200,65.55
2010-09-13,66.09,66.16,65.46,65.78,1233500,65.45
2010-09-10,65.15,65.93,65.01,65.80,1787100,65.47
2010-09-09,64.76,65.38,64.57,65.14,1834400,64.82
2010-09-08,63.84,64.73,63.52,64.09,1594900,63.77
2010-09-07,63.57,64.04,63.35,63.58,1259200,63.26
2010-09-03,64.00,64.34,63.42,63.87,1364900,63.55
2010-09-02,63.27,63.76,63.04,63.67,1166500,63.35
2010-09-01,62.73,63.29,62.35,63.28,2406200,62.97
2010-08-31,61.85,62.56,61.39,61.42,2420500,61.12
2010-08-30,63.12,63.40,61.96,62.01,1705100,61.70
2010-08-27,63.63,63.79,62.29,63.17,1369100,62.86
2010-08-26,63.43,63.76,62.93,63.22,1955100,62.91
2010-08-25,63.23,64.50,62.78,63.36,2550200,63.05
2010-08-24,63.47,63.50,62.91,63.11,1920300,62.80
2010-08-23,63.21,64.22,63.04,63.84,1815400,63.52
2010-08-20,62.80,63.28,62.65,62.96,1829200,62.65
2010-08-19,63.43,63.44,62.65,63.06,1489500,62.75
2010-08-18,63.90,64.55,63.35,63.90,872100,63.58
2010-08-17,63.54,64.13,63.06,63.93,1001800,63.61
2010-08-16,63.13,63.28,62.05,62.97,1498700,62.66
2010-08-13,63.01,63.93,63.01,63.66,1190000,63.34
2010-08-12,62.41,63.66,62.35,63.44,1542100,63.08
2010-08-11,63.28,63.61,62.75,63.02,1516000,62.66
2010-08-10,63.99,64.37,63.40,64.21,1231500,63.84
2010-08-09,64.85,65.00,64.31,64.56,1400200,64.19
2010-08-06,63.61,64.78,63.00,64.76,1503900,64.39
2010-08-05,63.93,64.20,63.26,64.02,950900,63.65
2010-08-04,63.44,63.86,62.80,63.72,1509400,63.35
2010-08-03,64.62,64.62,63.31,63.48,2735900,63.12
2010-08-02,65.18,66.19,62.50,64.72,5656100,64.35
2010-07-30,60.27,61.41,59.52,61.06,2137100,60.71
2010-07-29,61.33,61.81,60.25,60.52,2610500,60.17
2010-07-28,60.90,61.29,60.85,60.96,1988500,60.61
2010-07-27,61.58,61.74,60.89,61.05,1991200,60.70
2010-07-26,60.96,62.39,60.76,61.52,1867900,61.17
2010-07-23,62.33,63.80,57.75,61.07,7728000,60.72
2010-07-22,63.24,63.64,62.31,62.56,2347600,62.20
2010-07-21,64.23,64.23,62.25,62.61,1969900,62.25
2010-07-20,62.97,63.83,62.60,63.77,1624800,63.40
2010-07-19,63.63,64.22,63.09,63.71,1423700,63.34
2010-07-16,65.41,65.69,63.73,64.00,2076200,63.63
2010-07-15,65.12,65.68,64.40,65.54,1690300,65.16
2010-07-14,65.46,65.63,64.72,65.12,2594300,64.75
2010-07-13,66.02,66.95,65.71,65.71,2800400,65.33
2010-07-12,65.21,65.79,64.95,65.63,1571400,65.25
2010-07-09,64.90,65.75,64.58,65.49,2235600,65.11
2010-07-08,64.21,65.30,63.28,64.58,3379400,64.21
2010-07-07,62.06,63.74,61.45,63.72,3071200,63.35
2010-07-06,62.29,63.92,60.87,61.82,5490400,61.46
2010-07-02,59.51,64.89,59.50,62.29,11767800,61.93
2010-07-01,58.32,58.32,57.45,58.10,2803600,57.77
2010-06-30,57.82,58.75,57.32,58.26,2877900,57.93
2010-06-29,58.67,59.12,57.62,57.90,2734400,57.57
2010-06-28,59.78,60.04,59.24,59.47,1118700,59.13
2010-06-25,59.36,59.95,58.96,59.81,1713000,59.47
2010-06-24,59.60,59.88,59.16,59.41,1973000,59.07
2010-06-23,60.43,60.43,59.36,59.81,1719300,59.47
2010-06-22,61.72,62.18,60.43,60.54,1990700,60.19
2010-06-21,61.79,62.00,61.16,61.49,1412400,61.14
2010-06-18,61.61,61.68,61.16,61.27,1580000,60.92
2010-06-17,61.75,61.77,60.65,61.45,1954300,61.10
2010-06-16,61.29,61.68,61.17,61.33,2002200,60.98
2010-06-15,60.40,61.75,60.34,61.73,2411000,61.38
2010-06-14,59.99,60.75,59.71,60.05,1895500,59.70
2010-06-11,58.87,59.91,58.87,59.85,1633100,59.51
2010-06-10,58.50,59.47,58.22,59.17,1588600,58.83
2010-06-09,58.61,58.86,57.50,57.67,2094000,57.34
2010-06-08,57.67,58.41,57.58,58.17,3480100,57.84
2010-06-07,58.73,58.91,58.00,58.04,1739300,57.71
2010-06-04,60.11,60.17,58.36,58.56,2702600,58.22
2010-06-03,60.25,61.34,60.06,61.24,2157700,60.89
2010-06-02,58.87,59.88,58.33,59.87,2706300,59.53
2010-06-01,59.57,60.02,58.61,58.65,1841600,58.31
2010-05-28,59.49,61.17,59.22,60.19,2900300,59.84
2010-05-27,59.27,59.65,58.84,59.64,1648600,59.30
2010-05-26,58.16,59.69,57.94,58.28,2705300,57.95
2010-05-25,56.42,58.15,56.26,58.11,3228200,57.78
2010-05-24,57.72,58.24,57.58,57.66,3405100,57.33
2010-05-21,58.00,58.60,57.15,58.05,3766000,57.72
2010-05-20,59.70,60.40,58.31,58.40,2840000,58.06
2010-05-19,61.10,61.55,60.21,60.92,1980600,60.57
2010-05-18,61.87,62.80,61.31,61.40,1872000,61.05
2010-05-17,61.22,61.66,60.23,61.43,1812200,61.08
2010-05-14,62.28,62.35,60.66,61.06,2059300,60.71
2010-05-13,63.17,63.47,62.42,62.62,1476300,62.21
2010-05-12,62.40,63.37,62.14,63.31,1402600,62.90
2010-05-11,62.30,62.95,62.04,62.32,2023300,61.91
2010-05-10,61.16,62.99,61.15,62.95,3063200,62.54
2010-05-07,60.99,60.99,58.23,59.31,3442400,58.92
2010-05-06,62.80,63.02,58.45,60.88,2688900,60.48
2010-05-05,62.50,63.11,62.22,62.82,1526400,62.41
2010-05-04,63.39,63.66,62.53,62.71,1464000,62.30
2010-05-03,63.90,64.29,63.56,63.96,1909100,63.54
2010-04-30,62.13,64.51,61.92,63.69,4778000,63.27
2010-04-29,61.22,62.31,61.22,61.98,1612700,61.57
2010-04-28,60.71,61.42,60.71,60.95,1581600,60.55
2010-04-27,61.49,62.48,60.36,60.41,2118500,60.01
2010-04-26,62.44,62.85,61.79,61.80,1449100,61.40
2010-04-23,61.84,62.45,61.43,62.40,1534900,61.99
2010-04-22,62.44,62.50,61.37,62.00,2231400,61.59
2010-04-21,64.51,64.51,62.28,62.55,2407400,62.14
2010-04-20,63.43,64.65,63.10,64.44,2602000,64.02
2010-04-19,62.61,63.58,62.43,63.20,2343000,62.79
2010-04-16,62.19,62.54,61.41,61.71,2386100,61.31
2010-04-15,62.34,62.68,62.05,62.36,1986400,61.95
2010-04-14,62.63,62.91,62.13,62.53,2012700,62.12
2010-04-13,63.19,63.22,62.58,62.73,1933200,62.32
2010-04-12,63.45,63.76,63.08,63.17,1214300,62.76
2010-04-09,63.61,63.74,63.11,63.33,1682700,62.92
2010-04-08,63.22,63.69,63.00,63.55,2308600,63.13
2010-04-07,64.08,64.11,62.82,63.15,3188100,62.74
2010-04-06,64.92,65.14,64.42,64.48,2444500,64.06
2010-04-05,65.34,65.53,65.08,65.17,1417500,64.74
2010-04-01,65.55,65.87,65.02,65.25,1506300,64.82
2010-03-31,64.62,65.79,64.34,65.32,2535400,64.89
2010-03-30,64.32,64.95,64.21,64.90,1735200,64.48
2010-03-29,64.24,64.79,64.14,64.42,1539400,64.00
2010-03-26,64.15,64.33,64.00,64.12,1357100,63.70
2010-03-25,64.51,65.05,64.00,64.06,2320500,63.64
2010-03-24,64.06,64.35,63.89,64.10,1442800,63.68
2010-03-23,64.42,64.51,64.00,64.39,1174500,63.97
2010-03-22,63.88,64.69,63.76,64.36,1068200,63.94
2010-03-19,63.84,64.86,63.57,64.00,2415000,63.58
2010-03-18,63.73,63.74,62.88,63.69,1169700,63.27
2010-03-17,62.91,63.82,62.87,63.81,1570400,63.39
2010-03-16,62.93,63.05,62.40,62.97,1045600,62.56
2010-03-15,62.15,62.85,61.94,62.84,1943200,62.43
2010-03-12,62.12,62.35,61.01,62.31,1565600,61.90
2010-03-11,61.88,62.11,61.15,62.11,1511700,61.70
2010-03-10,62.60,62.78,61.90,62.11,2372100,61.70
2010-03-09,61.28,61.61,60.99,61.35,993600,60.95
2010-03-08,62.05,62.05,61.33,61.54,1424900,61.14
2010-03-05,61.04,62.15,60.94,62.10,2065700,61.69
2010-03-04,59.79,60.21,59.67,60.10,1041900,59.71
2010-03-03,60.37,60.60,59.58,59.67,857700,59.28
2010-03-02,59.96,60.38,59.73,60.13,1713300,59.74
2010-03-01,58.59,60.00,58.40,59.61,1787900,59.22
2010-02-26,58.75,58.89,58.30,58.43,1337400,58.05
2010-02-25,58.60,58.73,57.75,58.72,1246100,58.34
2010-02-24,58.47,58.87,58.25,58.82,948100,58.44
2010-02-23,58.96,59.20,58.09,58.23,1325000,57.85
2010-02-22,59.52,59.52,58.61,59.13,1329400,58.74
2010-02-19,59.46,59.74,58.98,59.53,1139600,59.14
2010-02-18,59.46,59.65,59.06,59.62,1086300,59.23
2010-02-17,60.10,60.10,59.60,59.74,1145600,59.35
2010-02-16,59.82,59.95,59.28,59.85,1286400,59.41
2010-02-12,59.23,59.47,58.46,59.45,1975800,59.01
2010-02-11,58.41,59.86,58.12,59.67,1906800,59.23
2010-02-10,58.80,58.89,57.78,58.48,1758400,58.05
2010-02-09,58.65,59.35,58.27,58.75,2336200,58.32
2010-02-08,57.91,58.66,57.43,58.17,2505100,57.74
2010-02-05,57.15,58.36,56.99,58.03,4546800,57.60
2010-02-04,55.35,59.36,55.25,57.39,7142400,56.97
2010-02-03,56.64,57.23,56.07,56.77,3354700,56.35
2010-02-02,58.02,58.47,56.08,56.96,5087800,56.54
2010-02-01,57.69,58.07,57.38,58.02,1888600,57.59
2010-01-29,57.89,58.01,57.01,57.50,2106000,57.08
2010-01-28,58.85,59.20,57.66,57.66,1868300,57.23
2010-01-27,57.97,59.10,57.65,58.99,1630900,58.56
2010-01-26,58.19,58.59,57.75,58.14,1203000,57.71
2010-01-25,58.93,59.15,58.17,58.46,1675200,58.03
2010-01-22,59.49,60.06,58.68,58.71,2010200,58.28
2010-01-21,61.31,61.38,59.69,59.75,1950300,59.31
2010-01-20,61.46,61.98,60.51,61.20,2043300,60.75
2010-01-19,60.17,61.79,59.90,61.74,2564300,61.28
2010-01-15,60.37,60.85,59.95,60.04,2497100,59.60
2010-01-14,59.85,60.43,59.52,60.19,1457600,59.75
2010-01-13,60.33,60.49,58.92,59.87,2552600,59.43
2010-01-12,60.34,60.48,59.86,60.12,1496300,59.68
2010-01-11,60.56,60.67,60.05,60.64,1833700,60.19
2010-01-08,60.85,61.04,60.04,60.47,2650700,60.02
2010-01-07,62.23,62.40,61.02,61.12,2585300,60.67
2010-01-06,62.67,63.11,62.24,62.46,2129200,62.00
2010-01-05,63.53,63.67,62.62,62.85,1251700,62.39
2010-01-04,63.56,63.74,62.60,63.32,1744900,62.85
2009-12-31,63.50,63.68,63.00,63.01,941300,62.55
2009-12-30,62.88,63.49,62.10,63.49,1292400,63.02
2009-12-29,63.43,64.08,63.28,63.61,1395600,63.14
2009-12-28,62.58,63.50,62.58,63.45,1214400,62.98
2009-12-24,62.83,62.97,62.42,62.64,615500,62.18
2009-12-23,62.10,62.74,62.10,62.60,1067200,62.14
2009-12-22,61.79,62.50,60.78,62.26,1279000,61.80
2009-12-21,61.09,61.99,61.09,61.50,1217100,61.05
2009-12-18,60.41,60.84,59.70,60.64,2045900,60.19
2009-12-17,60.47,61.31,59.84,60.34,1097200,59.90
2009-12-16,61.76,61.89,60.85,60.92,1725900,60.47
2009-12-15,61.65,61.83,61.06,61.74,1222900,61.28
2009-12-14,60.82,61.95,60.66,61.71,1819400,61.26
2009-12-11,60.69,60.83,60.13,60.36,1215400,59.92
2009-12-10,59.78,60.94,59.30,60.59,1883400,60.14
2009-12-09,58.84,59.37,58.40,59.34,1429000,58.90
2009-12-08,59.05,59.19,58.40,58.69,1293600,58.26
2009-12-07,59.28,60.00,58.99,59.40,1395900,58.96
2009-12-04,59.34,59.37,58.66,59.16,1514200,58.72
2009-12-03,58.85,59.55,58.33,58.75,1462500,58.32
2009-12-02,58.60,59.19,58.20,58.62,1732600,58.19
2009-12-01,58.66,59.12,58.53,58.90,1443300,58.47
2009-11-30,58.51,58.51,57.42,58.13,1922700,57.70
2009-11-27,57.96,58.67,57.82,58.29,705400,57.86
2009-11-25,59.29,59.40,58.67,59.33,935300,58.89
2009-11-24,58.84,59.34,58.26,59.08,1460000,58.64
2009-11-23,58.61,59.14,57.02,58.60,1354000,58.17
2009-11-20,58.13,58.82,58.13,58.62,1239600,58.19
2009-11-19,58.30,59.03,58.04,58.65,2123500,58.22
2009-11-18,60.08,60.25,59.14,60.04,1179100,59.60
2009-11-17,59.82,60.06,59.34,60.06,831200,59.62
2009-11-16,59.68,60.14,59.68,59.93,1545900,59.49
2009-11-13,59.24,59.92,59.17,59.63,928900,59.19
2009-11-12,59.98,60.25,59.33,59.47,1077700,59.03
2009-11-11,60.56,60.85,59.44,60.06,1667200,59.62
2009-11-10,59.61,60.41,58.92,60.29,1457000,59.85
2009-11-09,59.43,59.90,57.55,59.87,1307600,59.43
2009-11-06,58.64,59.49,58.47,59.25,1460200,58.81
2009-11-05,57.59,59.37,57.59,59.16,2426700,58.72
2009-11-04,56.83,58.48,56.34,57.82,3275100,57.34
2009-11-03,56.67,57.19,55.80,56.36,2262100,55.90
2009-11-02,56.17,57.43,56.09,57.38,3491400,56.91
2009-10-30,54.70,56.80,54.70,56.25,4334100,55.79
2009-10-29,54.70,54.98,53.32,54.92,3970700,54.47
2009-10-28,55.94,55.98,53.42,53.55,3901000,53.11
2009-10-27,56.15,56.90,55.71,56.29,1335700,55.83
2009-10-26,56.90,57.69,56.08,56.12,1161600,55.66
2009-10-23,57.64,57.64,56.21,56.73,1758200,56.26
2009-10-22,57.15,57.68,56.12,57.49,1318900,57.02
2009-10-21,56.94,57.88,56.78,57.15,1527100,56.68
2009-10-20,58.31,58.95,56.95,57.12,2303500,56.65
2009-10-19,57.91,58.73,57.82,58.56,1429000,58.08
2009-10-16,58.54,58.85,57.80,57.92,1675200,57.44
2009-10-15,57.63,58.95,57.44,58.87,2033400,58.39
2009-10-14,57.15,57.73,56.74,57.63,1244800,57.16
2009-10-13,57.00,57.00,56.41,56.71,994400,56.24
2009-10-12,56.90,57.43,56.72,57.18,634500,56.71
2009-10-09,56.36,56.86,56.29,56.75,698400,56.28
2009-10-08,56.45,56.98,56.07,56.31,1000000,55.85
2009-10-07,55.87,56.24,55.29,56.21,1231500,55.75
2009-10-06,56.27,56.76,55.74,55.91,1299600,55.45
2009-10-05,55.23,56.28,54.59,55.87,1323500,55.41
2009-10-02,55.40,55.79,54.25,54.96,2549600,54.51
2009-10-01,56.80,56.89,55.91,55.95,1398700,55.49
2009-09-30,57.20,57.20,55.92,56.76,2127800,56.29
2009-09-29,57.89,58.16,56.94,57.00,1710000,56.53
2009-09-28,56.67,58.25,56.42,57.90,967600,57.42
2009-09-25,54.52,56.79,54.19,56.42,1326000,55.96
2009-09-24,57.34,57.60,56.53,56.75,1025200,56.28
2009-09-23,57.74,58.04,57.07,57.10,978200,56.63
2009-09-22,57.19,57.96,57.19,57.75,1201500,57.27
2009-09-21,57.22,57.81,56.93,57.34,1196700,56.87
2009-09-18,58.11,58.17,57.15,57.43,2073000,56.96
2009-09-17,58.50,58.50,57.50,58.18,3154900,57.70
2009-09-16,57.21,58.84,57.00,58.55,2734700,58.07
2009-09-15,56.73,57.37,56.65,57.08,1780500,56.61
2009-09-14,56.39,57.05,56.02,56.92,1393000,56.45
2009-09-11,56.66,56.66,55.78,56.39,1606700,55.93
2009-09-10,56.48,57.40,56.00,56.66,2195500,56.19
2009-09-09,55.42,56.64,55.42,56.18,2102900,55.72
2009-09-08,54.91,55.31,54.50,55.24,1390700,54.79
2009-09-04,53.88,55.08,53.76,54.92,1410300,54.47
2009-09-03,54.36,54.68,53.42,53.95,2346700,53.51
2009-09-02,54.99,55.03,54.15,54.49,2781400,54.04
2009-09-01,55.36,56.00,54.76,55.08,1877700,54.63
2009-08-31,54.71,55.93,54.46,55.92,1769600,55.46
2009-08-28,55.92,55.93,54.51,55.10,1561200,54.65
2009-08-27,55.88,56.00,55.33,55.82,953600,55.36
2009-08-26,55.86,56.16,55.54,55.91,959300,55.45
2009-08-25,55.88,56.47,55.74,55.85,1432200,55.39
2009-08-24,55.82,56.47,55.59,55.94,1368900,55.48
2009-08-21,55.71,56.24,55.00,55.43,1996900,54.97
2009-08-20,54.28,55.88,53.92,55.57,1796200,55.11
2009-08-19,53.64,54.38,53.64,54.13,1379400,53.68
2009-08-18,53.86,54.18,53.60,53.77,963800,53.33
2009-08-17,54.09,54.58,53.77,53.87,1463100,53.43
2009-08-14,54.95,55.00,53.87,54.38,1667800,53.93
2009-08-13,54.60,55.06,53.78,54.80,2098300,54.35
2009-08-12,54.78,55.19,54.52,54.60,2094000,54.10
2009-08-11,54.93,55.29,54.66,54.96,937200,54.46
2009-08-10,55.19,55.19,54.70,55.16,1293900,54.66
2009-08-07,55.18,55.57,54.65,55.17,1340700,54.67
2009-08-06,55.48,55.56,54.46,54.59,1743600,54.09
2009-08-05,55.50,55.67,54.98,55.29,2232200,54.78
2009-08-04,54.90,55.75,54.44,55.60,1980800,55.09
2009-08-03,54.80,55.70,54.08,55.55,2707900,55.04
2009-07-31,52.60,54.30,51.88,53.43,2417500,52.94
2009-07-30,52.98,53.94,52.31,52.58,1815900,52.10
2009-07-29,52.38,52.73,51.84,52.34,2178500,51.86
2009-07-28,52.12,52.76,51.73,52.47,1335600,51.99
2009-07-27,52.87,52.92,51.48,52.48,1568400,52.00
2009-07-24,51.73,52.68,51.23,52.68,1473100,52.20
2009-07-23,50.39,52.00,50.22,51.89,2018900,51.42
2009-07-22,49.78,50.92,49.53,50.53,1906700,50.07
2009-07-21,50.32,50.40,49.16,49.94,1713600,49.48
2009-07-20,48.58,49.99,48.54,49.91,2731500,49.45
2009-07-17,46.61,47.83,45.42,47.80,2399200,47.36
2009-07-16,46.28,47.48,46.24,47.36,1819600,46.93
2009-07-15,46.34,46.58,45.71,46.47,1996100,46.05
2009-07-14,45.68,46.23,45.37,45.96,1485100,45.54
2009-07-13,45.32,46.01,44.78,45.90,1882000,45.48
2009-07-10,45.72,45.89,45.02,45.36,1557700,44.95
2009-07-09,46.32,46.38,45.50,46.06,1122000,45.64
2009-07-08,46.71,46.75,45.80,46.10,2318500,45.68
2009-07-07,47.40,47.85,46.63,46.74,1320200,46.31
2009-07-06,46.53,47.67,46.43,47.59,1902500,47.16
2009-07-02,47.09,47.28,46.57,46.77,3172600,46.34
2009-07-01,47.70,48.00,47.34,47.45,1347000,47.02
2009-06-30,47.58,48.05,47.14,47.58,1977200,47.15
2009-06-29,46.46,47.95,46.00,47.80,2347100,47.36
2009-06-26,46.77,46.77,46.12,46.16,3315700,45.74
2009-06-25,45.71,47.79,45.49,47.01,2364300,46.58
2009-06-24,45.26,46.23,45.12,46.08,1804300,45.66
2009-06-23,45.70,45.85,45.00,45.34,1421200,44.93
2009-06-22,46.18,46.27,45.51,45.51,1688500,45.09
2009-06-19,46.18,47.30,45.83,46.48,2606900,46.06
2009-06-18,44.95,46.10,44.89,45.78,1341400,45.36
2009-06-17,43.56,44.86,43.55,44.56,2247300,44.15
2009-06-16,44.70,45.03,43.58,43.61,1826700,43.21
2009-06-15,45.64,45.71,44.41,44.67,1605500,44.26
2009-06-12,44.37,46.28,44.30,46.28,2338600,45.86
2009-06-11,44.34,45.62,44.26,44.49,1687500,44.08
2009-06-10,44.52,45.40,43.68,44.17,1859000,43.77
2009-06-09,45.26,45.46,44.30,44.46,1687500,44.05
2009-06-08,45.00,45.43,44.36,44.92,1415900,44.51
2009-06-05,45.52,45.88,44.88,45.63,2155300,45.21
2009-06-04,45.21,45.51,44.35,45.27,2838700,44.86
2009-06-03,45.97,46.08,44.75,45.02,3351500,44.61
2009-06-02,44.91,46.65,44.66,46.23,3258800,45.81
2009-06-01,44.52,45.30,44.01,44.18,2945400,43.78
